2011-08-14,10.4,11.0,10.0,10.0,16.574007
2011-08-15,11.0,11.9,10.0,11.9,27.994951
2011-08-16,11.2,11.47,10.82,11.1,9.18531
2011-08-17,10.83,11.0,10.0,10.5,41.2932
2011-08-18,10.3,10.88,10.3,10.49,12.4196
2011-08-19,10.5,11.4,10.5,11.29,44.1574
2011-08-20,10.72,11.43,10.71,11.29,25.2718
2011-08-21,11.1,12.0,10.88,11.01,66.8519
2011-08-22,11.1,11.25,10.71,10.9,59.1825
2011-08-23,10.9,11.1,10.5,10.75,17.5892
2011-08-24,10.61,10.98,10.5,10.7,36.718
2011-08-25,10.7,10.7,9.51,9.65,62.0296
2011-08-26,9.55,9.55,8.0,8.0,22.1926
2011-08-27,8.0,9.0,8.0,8.8,11.25
2011-08-28,8.5,8.8,8.5,8.6,4.57
2011-08-29,8.6,9.0,8.6,8.7,34.01
2011-08-30,8.7,9.0,8.5,8.8,37.0585
2011-08-31,8.5,8.8,8.11,8.11,34.843
2011-09-01,8.16,8.37,8.01,8.111,9.15
2011-09-02,8.111,8.5,8.012,8.5,21.7373
2011-09-03,8.5,8.75,8.4,8.561,30.2409
2011-09-04,8.501,8.7,8.21,8.215,46.1063
2011-09-05,8.21,8.21,7.55,7.65,48.0915
2011-09-06,7.6,7.6,6.52,6.8,62.5145
2011-09-07,6.6,7.12,6.52,7.1,45.3
2011-09-08,6.81,7.0,6.17,6.5,58.109
2011-09-09,6.5,6.7,4.51,5.5,106.9427
2011-09-10,5.4,5.5,4.7,4.7,154.857
2011-09-11,4.75,6.66,4.52,6.001,1358.118
2011-09-12,5.92,6.04,5.5,5.5,318.5668
2011-09-13,5.7,6.0,5.2,5.6,2330.3047
2011-09-14,5.7,5.75,4.5,5.4,1530.7683
2011-09-15,5.5,5.5,4.471,4.7,2387.3092
2011-09-16,4.7,5.2,4.228,4.5,647.456
2011-09-17,4.5,4.78,4.352,4.5,2792.4158
2011-09-18,4.5,5.44,4.4,4.8,2541.1361
2011-09-19,4.78,5.9,4.5,5.48,3058.2893
2011-09-20,5.5,6.5,5.31,5.8,3417.0192
2011-09-21,5.65,5.928,5.0,5.499,3801.2504
2011-09-22,5.499,5.6,4.92,5.34,3516.2282
2011-09-23,5.2,5.5,5.0,5.3,2184.4416
2011-09-24,5.3,5.35,5.0,5.248,2222.5508
2011-09-25,5.15,5.25,4.61,5.1,2719.768
2011-09-26,5.194,5.2,4.4,4.6,2712.8063
2011-09-27,4.7,5.248,4.48,4.61,7570.5232
2011-09-28,4.61,5.02,4.46,4.52,4327.1203
2011-09-29,4.52,4.56,4.461,4.56,2783.7769
2011-09-30,4.56,5.1,4.56,5.1,1434.5265
2011-10-01,5.05,5.1,4.802,5.0,506.5944
2011-10-02,5.0,5.0,4.9,4.95,525.2908
2011-10-03,4.95,5.0,4.62,4.89,2249.6375
2011-10-04,4.85,4.989,4.6,4.75,4071.7964
2011-10-05,4.74,4.75,4.51,4.7,2869.8563
2011-10-06,4.7,4.71,4.45,4.67,2664.6751
2011-10-07,4.55,4.68,4.1,4.15,1229.7986
2011-10-08,4.22,4.3,3.8,4.15,570.2955
2011-10-09,4.2,4.227,3.904,4.1,238.5318
2011-10-10,4.01,4.189,3.915,4.1,589.6447
2011-10-11,4.1,4.173,3.916,3.916,655.269652
2011-10-12,3.916,3.97,3.8,3.969,619.045556
2011-10-13,3.9,4.15,3.9,3.901,853.826403
2011-10-14,3.9,4.09,3.701,3.811,1292.651141
2011-10-15,4.05,4.08,3.788,3.841,803.241135
2011-10-16,3.841,3.938,3.333,3.59,1311.217412
2011-10-17,3.587,3.725,2.21,2.4,1239.451223
2011-10-18,2.43,2.82,2.41,2.589,506.5597064
2011-10-19,2.587,2.587,2.002,2.2,615.0095117
2011-10-20,2.2,2.346,2.003,2.329,450.4262776
2011-10-21,2.34,2.65,2.325,2.5,838.4968778
2011-10-22,2.5,3.465,2.5,3.055,1196.255114
2011-10-23,3.055,3.326,2.92,3.0,720.2737003
2011-10-24,3.0,3.1,2.55,2.55,506.8702844
2011-10-25,2.5,2.95,2.5,2.7,884.0205608
2011-10-26,2.8,2.85,2.62,2.745,657.7994212
2011-10-27,2.74,2.997,2.691,2.9,753.46339932
2011-10-28,2.89,3.19,2.79,3.011,927.21130937
2011-10-29,3.12,3.65,3.012,3.556,902.32178216
2011-10-30,3.65,3.666,3.11,3.27,1017.6793972
2011-10-31,3.15,3.44,3.09,3.225,493.49018769
2011-11-01,3.225,3.45,3.082,3.082,734.46937724
2011-11-02,3.15,3.392,3.15,3.228,416.7466448
2011-11-03,3.16,3.39,3.16,3.2,401.52972969
2011-11-04,3.2,3.27,3.002,3.002,995.47856614
2011-11-05,3.1,3.213,2.9,2.98,450.10169073
2011-11-06,2.98,3.0,2.88,2.967,107.936643
2011-11-07,2.966,3.05,2.8,3.016,488.3187582
2011-11-08,3.016,3.22,2.803,2.99,1731.80437682
2011-11-09,2.98,2.99,2.803,2.93,596.99307429
2011-11-10,2.929,2.93,2.721,2.83,657.8551071
2011-11-11,2.83,2.999,2.73,2.999,374.0329943
2011-11-12,2.999,3.029,2.8,2.9,609.43217236
2011-11-13,2.9,2.996,2.862,2.977,125.84242532
2011-11-14,2.882,2.882,2.15,2.29,2105.05576368
2011-11-15,2.3,2.75,2.25,2.32,1097.7823594
2011-11-16,2.32,2.599,2.3,2.599,620.12575795
2011-11-17,2.56,2.56,2.0,2.25,3253.58735685
2011-11-18,2.25,2.3,2.0,2.1,1341.6606824
2011-11-19,2.107,2.195,2.0,2.06,1403.86735728
2011-11-20,2.133,2.2,2.01,2.188,1035.10756913
2011-11-21,2.188,2.3,2.0,2.199,1727.96123358
2011-11-22,2.28,2.3,2.1,2.28,736.76473
2011-11-23,2.2,2.34,2.111,2.3,1115.58078317
2011-11-24,2.3,2.388,2.15,2.29,1593.59638015
2011-11-25,2.29,2.48,2.29,2.3,777.36809
2011-11-26,2.3,2.45,2.3,2.41,284.0103476
2011-11-27,2.43,2.48,2.369,2.47,398.4775543
2011-11-28,2.48,2.59,2.402,2.5,1077.82433052
2011-11-29,2.434,2.988,2.433,2.703,735.78730461
2011-11-30,2.797,2.95,2.712,2.792,843.15380183
2011-12-01,2.89,3.05,2.761,3.05,1405.7029905
2011-12-02,3.02,3.05,2.9,3.05,923.19983107
2011-12-03,2.995,3.2,2.77,2.776,911.06075977
2011-12-04,2.77,3.029,2.502,2.734,550.33626669
2011-12-05,2.734,2.888,2.6,2.743,440.84431503
2011-12-06,2.85,2.97,2.742,2.85,1286.16507696
2011-12-07,2.84,2.84,2.631,2.75,1045.6915299
2011-12-08,2.75,2.936,2.67,2.87,1192.915196
2011-12-09,2.821,2.937,2.702,2.702,960.696528
2011-12-10,2.705,2.919,2.705,2.86,1115.740829
2011-12-11,2.91,3.23,2.837,3.161,1576.06387746
2011-12-12,3.22,3.22,2.961,3.099,881.58683727
2011-12-13,3.08,3.08,2.953,3.03,755.96560802
2011-12-14,3.02,3.195,2.967,3.129,1203.73161785
2011-12-15,3.129,3.16,3.01,3.041,585.08792936
2011-12-16,3.09,3.161,3.042,3.157,975.38185526
2011-12-17,3.16,3.26,3.111,3.16,477.03609728
2011-12-18,3.144,3.198,3.144,3.17,559.3775633
2011-12-19,3.166,3.65,3.155,3.6,1400.78905461
2011-12-20,3.5,4.49,3.5,3.814,988.67392584
2011-12-21,4.0,4.0,3.671,3.85,817.51442373
2011-12-22,3.85,3.9,3.631,3.867,407.12823323
2011-12-23,3.77,4.3,3.77,3.9,455.00803643
2011-12-24,3.929,3.929,3.8,3.848,618.60714083
2011-12-25,3.848,4.23,3.848,4.051,238.35615663
2011-12-26,4.051,4.25,3.851,3.97,552.89853394
2011-12-27,3.892,4.01,3.75,3.92,1209.536941
2011-12-28,3.92,4.199,3.9,4.1,746.4544841
2011-12-29,4.1,4.29,4.061,4.061,738.1972015
2011-12-30,4.063,4.29,3.986,4.061,605.61195107
2011-12-31,4.247,4.8,4.003,4.648,1230.87459524
2012-01-01,4.522,5.5,4.522,4.76,1185.13899404
2012-01-02,5.29,5.35,4.712,5.065,420.28017337
2012-01-03,5.066,5.219,4.7,4.77,943.11592547
2012-01-04,4.811,5.59,4.751,5.586,1024.51842957
2012-01-05,5.586,6.9,5.585,6.759,2380.98750244
2012-01-06,6.758,6.999,6.11,6.48,2763.12329898
2012-01-07,6.479,6.48,6.151,6.397,436.74595087
2012-01-08,6.17,6.73,6.164,6.601,2005.99392825
2012-01-09,6.719,7.01,6.2,6.201,1148.63485476
2012-01-10,6.201,6.5,6.2,6.32,525.30444736
2012-01-11,6.32,6.76,6.31,6.422,1166.1505976
2012-01-12,6.423,6.67,6.367,6.5,959.07056358
2012-01-13,6.5,6.601,6.326,6.46,752.40954947
2012-01-14,6.4351,6.79,6.25,6.74,1069.30947086
2012-01-15,6.63,6.84,6.577,6.751,448.97021497
2012-01-16,6.839,6.9,6.383,6.4,1190.26996826
2012-01-17,6.4,6.748,5.5,5.7,688.6177357
2012-01-18,6.19,6.6,5.41,5.85,549.57240097
2012-01-19,6.1,6.299,5.82,6.26,391.53280953
2012-01-20,6.258,6.263,5.915,6.139,474.39634428
2012-01-21,6.139,6.14,5.82,5.999,257.8533078
2012-01-22,6.0,6.13,5.81,6.0,310.31992837
2012-01-23,5.999,6.248,5.802,5.832,808.2880737
2012-01-24,6.0,6.099,5.801,6.0,332.987036
2012-01-25,5.9,6.01,5.65,5.65,769.8733531
2012-01-26,5.7,5.829,5.4,5.41,499.60474704
2012-01-27,5.3,5.3,4.9,5.0,1412.38058773
2012-01-28,5.001,5.44,5.0,5.02,841.80300193
2012-01-29,5.02,6.099,5.0,5.111,653.67170222
2012-01-30,5.15,5.45,5.15,5.287,439.6497616
2012-01-31,5.289,5.397,5.17,5.35,757.69524475
2012-02-01,5.35,5.82,5.224,5.6,1210.19838532
2012-02-02,5.606,5.98,5.352,5.9,755.88860092
2012-02-03,5.885,5.98,5.614,5.802,1027.3926707
2012-02-04,5.802,5.919,5.713,5.788,398.2982194
2012-02-05,5.786,5.9,5.352,5.41,991.89449743
2012-02-06,5.41,5.65,5.201,5.287,506.28168172
2012-02-07,5.231,5.449,5.152,5.2,759.1307447
2012-02-08,5.336,5.67,5.181,5.412,1229.67783942
2012-02-09,5.412,5.7,5.407,5.551,1016.8885756
2012-02-10,5.6,5.797,5.51,5.69,989.56122339
2012-02-11,5.796,5.842,5.605,5.605,1150.79440232
2012-02-12,5.605,5.677,5.361,5.389,1144.7877524
2012-02-13,5.389,5.41,5.18,5.18,847.6557583
2012-02-14,5.121,5.348,3.88,4.899,1509.64837016
2012-02-15,4.583,5.25,4.35,4.352,990.89986773
2012-02-16,4.36,4.49,4.0,4.1,805.00852917
2012-02-17,4.075,4.599,4.075,4.15,984.2698024
2012-02-18,4.102,4.36,4.1,4.101,490.31858197
2012-02-19,4.101,4.335,3.9,3.98,703.4584015
2012-02-20,4.16,4.6,4.0,4.589,1521.47608501
2012-02-21,4.15,4.465,4.021,4.175,1051.23566624
2012-02-22,4.25,4.278,4.102,4.25,1539.8696216
2012-02-23,4.22,4.6,4.177,4.51,1343.4123638
2012-02-24,4.55,4.7,4.35,4.51,1585.890481
2012-02-25,4.51,4.65,4.501,4.502,497.5981225
2012-02-26,4.502,4.7,4.45,4.699,1117.17894632
2012-02-27,4.6,4.698,4.5,4.5,1405.36538828
2012-02-28,4.559,4.6,4.425,4.549,1072.58907405
2012-02-29,4.51,4.548,4.15,4.429,2179.74280928
2012-03-01,4.429,4.555,4.3,4.496,1752.54970524
2012-03-02,4.374,4.49,4.156,4.41,784.02328523
2012-03-03,4.303,4.41,4.22,4.26,860.91418977
2012-03-04,4.27,4.446,4.25,4.446,701.63143814
2012-03-05,4.38,4.5,4.23,4.499,2299.565327
2012-03-06,4.5,4.9,4.35,4.502,1596.2289565
2012-03-07,4.834,4.838,4.45,4.52,1531.2915337
2012-03-08,4.52,4.729,4.511,4.63,775.12625864
2012-03-09,4.666,4.666,4.36,4.47,1398.925265
2012-03-10,4.361,4.505,4.19,4.46,1562.65312
2012-03-11,4.46,4.55,4.351,4.5,1567.22850785
2012-03-12,4.441,4.569,4.4,4.411,2177.38120173
2012-03-13,4.411,4.97,4.408,4.724,3729.0851274
2012-03-14,4.77,5.2,4.724,4.903,2537.72489289
2012-03-15,4.904,4.96,4.701,4.79,2721.1010558
2012-03-16,4.79,4.99,4.79,4.919,1403.34886991
2012-03-17,4.85,5.037,4.85,5.035,1048.4579628
2012-03-18,5.035,5.035,4.802,4.918,2855.02328113
2012-03-19,4.812,4.92,4.58,4.639,2383.1997995
2012-03-20,4.639,4.699,4.513,4.697,1791.2882493
2012-03-21,4.56,4.7,4.56,4.59,1838.076571
2012-03-22,4.58,4.61,4.451,4.52,4008.17620824
2012-03-23,4.52,4.539,4.35,4.421,2052.25876301
2012-03-24,4.579,4.62,4.381,4.46,864.27400412
2012-03-25,4.442,4.539,4.22,4.302,1971.629673
2012-03-26,4.349,4.464,4.272,4.391,2350.8314845
2012-03-27,4.39,4.5,4.345,4.5,3717.24146802
2012-03-28,4.45,4.7,4.431,4.5,859.55770585
2012-03-29,4.5,4.65,4.311,4.5,5510.69271953
2012-03-30,4.5,4.652,4.41,4.65,5431.65077262
2012-03-31,4.649,4.7,4.51,4.58,1843.69090863
2012-04-01,4.6,4.629,4.49,4.55,1824.94305743
2012-04-02,4.578,4.849,4.403,4.81,5816.54374803
2012-04-03,4.771,4.88,4.642,4.809,1722.291388
2012-04-04,4.8,4.85,4.711,4.78,5990.01906732
2012-04-05,4.78,4.82,4.714,4.8,4069.475344
2012-04-06,4.8,4.85,4.769,4.801,4005.32047555
2012-04-07,4.84,4.849,4.49,4.49,3281.71196318
2012-04-08,4.5,4.668,4.407,4.55,2782.47069873
2012-04-09,4.45,4.601,4.405,4.59,4483.97392582
2012-04-10,4.589,4.764,4.478,4.655,8555.1417789
2012-04-11,4.655,4.83,4.655,4.79,3838.45491346
2012-04-12,4.769,4.841,4.688,4.702,9351.67516793
2012-04-13,4.796,4.828,4.5,4.803,8352.32471062
2012-04-14,4.803,4.95,4.771,4.81,4057.36264988
2012-04-15,4.848,4.869,4.754,4.869,1174.304278
2012-04-16,4.81,4.868,4.771,4.865,10470.3406791
2012-04-17,4.833,4.935,4.79,4.919,2966.22860607
2012-04-18,4.928,5.12,4.928,5.12,6757.7754528
2012-04-19,5.12,5.15,4.93,4.99,8924.30807601
2012-04-20,4.99,5.379,4.952,5.35,7043.65129291
2012-04-21,5.301,5.35,5.082,5.15,2689.9937712
2012-04-22,5.185,5.234,5.025,5.06,2053.23831175
2012-04-23,5.07,5.1,5.025,5.076,4222.97091967
2012-04-24,5.035,5.075,4.872,5.0,9003.83407788
2012-04-25,5.0,5.085,4.95,5.084,1854.07264336
2012-04-26,5.05,5.07,4.93,5.0,6657.61455273
2012-04-27,5.0,5.0,4.933,4.999,2321.47066213
2012-04-28,5.0,5.036,4.851,4.937,3567.74655579
2012-04-29,4.937,4.94,4.82,4.822,939.827829
2012-04-30,4.82,4.919,4.803,4.918,2900.53431961
2012-05-01,4.918,4.929,4.823,4.845,955.39670192
2012-05-02,4.919,5.1,4.858,4.96,8401.10921455
2012-05-03,4.96,5.002,4.931,5.0,4137.98695328
2012-05-04,4.999,5.04,4.943,4.964,3734.2898432
2012-05-05,4.964,5.0,4.861,4.9,5514.27825164
2012-05-06,4.875,5.2,4.872,4.961,2948.344439
2012-05-07,4.93,4.997,4.91,4.97,3419.115309
2012-05-08,4.998,4.998,4.899,4.92,4135.340673
2012-05-09,4.904,4.97,4.9,4.92,5042.665745
2012-05-10,4.92,4.975,4.866,4.88,7170.63771893
2012-05-11,4.88,4.9,4.746,4.8,7013.178934
2012-05-12,4.85,5.08,4.803,4.87,4708.753429
2012-05-13,4.899,4.925,4.838,4.84,1787.58776
2012-05-14,4.84,4.946,4.826,4.9,4269.48570178
2012-05-15,4.871,4.94,4.85,4.89,9519.069236
2012-05-16,4.9,5.0,4.836,4.98,6375.7590807
2012-05-17,4.984,5.0,4.959,4.998,2813.7264815
2012-05-18,4.998,5.019,4.932,4.989,3890.5149931
2012-05-19,4.989,5.02,4.953,5.008,3402.47569632
2012-05-20,5.008,5.014,4.97,4.99,3281.2896176
2012-05-21,4.981,5.02,4.95,4.98,10959.6745216
2012-05-22,4.962,5.015,4.956,4.98,2493.63687818
2012-05-23,4.99,5.05,4.966,4.975,5462.786595
2012-05-24,5.0,5.034,4.977,5.034,2890.96439053
2012-05-25,5.029,5.036,4.985,5.01,5977.8910996
2012-05-26,5.01,5.026,4.98,4.99,6247.0456195
2012-05-27,4.973,5.029,4.944,5.002,5145.310362
2012-05-28,5.0,5.098,4.998,5.015,4602.494992
2012-05-29,5.062,5.063,5.0,5.015,4036.352587
2012-05-30,5.015,5.054,5.011,5.032,4153.54481265
2012-05-31,5.024,5.1,5.024,5.049,4082.181516
2012-06-01,5.073,5.2,5.061,5.15,5070.17971531
2012-06-02,5.15,5.15,5.087,5.087,4752.553047
2012-06-03,5.129,5.129,5.087,5.1,3572.609014
2012-06-04,5.1,5.178,5.093,5.122,1724.858232
2012-06-05,5.148,5.4,5.13,5.291,5793.31010297
2012-06-06,5.271,5.371,5.27,5.326,3770.39179186
2012-06-07,5.324,5.496,5.324,5.47,4992.00454401
2012-06-08,5.445,5.798,5.428,5.561,5942.52516139
2012-06-09,5.561,5.585,5.422,5.489,7016.7166868
2012-06-10,5.452,5.46,5.161,5.299,7337.17829309
2012-06-11,5.299,5.7,5.253,5.597,6236.25188
2012-06-12,5.5,5.7,5.39,5.517,4998.5680699
2012-06-13,5.523,5.9,5.523,5.711,5579.84790966
2012-06-14,5.837,5.877,5.654,5.85,6244.86746878
2012-06-15,5.822,6.5,5.755,6.498,5323.83060355
2012-06-16,6.498,6.65,6.13,6.26,11012.5918545
2012-06-17,6.38,6.4,5.8,6.1,4811.30971028
2012-06-18,6.1,6.317,5.985,6.199,2114.30589732
2012-06-19,6.234,6.45,6.161,6.268,3159.0450275
2012-06-20,6.3,6.86,6.267,6.599,5026.54169595
2012-06-21,6.505,6.699,6.453,6.55,2474.2128501
2012-06-22,6.585,6.649,6.401,6.458,3064.016164
2012-06-23,6.458,6.461,6.201,6.25,4002.93309411
2012-06-24,6.225,6.399,6.015,6.2,6147.30134045
2012-06-25,6.199,6.281,5.922,6.194,7020.50175736
2012-06-26,6.201,6.398,6.194,6.25,6105.52400816
2012-06-27,6.25,6.6,6.2,6.551,4998.1457877
2012-06-28,6.551,6.581,6.434,6.459,2022.13651675
2012-06-29,6.47,6.6,6.401,6.6,4256.8381181
2012-06-30,6.649,6.652,6.6,6.601,6141.466073
2012-07-01,6.601,6.644,6.6,6.6,4420.057249
2012-07-02,6.6,6.693,6.5,6.61,9777.03427385
2012-07-03,6.63,6.64,6.31,6.399,3595.01512739
2012-07-04,6.399,6.5,6.324,6.399,3477.023941
2012-07-05,6.39,6.599,6.35,6.535,3581.7801705
2012-07-06,6.489,6.569,6.433,6.497,2813.22144095
2012-07-07,6.548,6.74,6.503,6.621,2854.7261966
2012-07-08,6.72,6.735,6.551,6.643,2066.57902789
2012-07-09,6.646,6.75,6.543,6.6,10301.7213435
2012-07-10,6.6,7.144,6.545,7.0,6209.04686124
2012-07-11,7.0,7.129,6.92,7.019,2044.49079359
2012-07-12,6.951,7.499,6.94,7.499,3300.60458199
2012-07-13,7.499,7.7,7.3,7.407,2647.76677094
2012-07-14,7.489,7.536,7.4,7.49,858.8554863
2012-07-15,7.49,7.49,7.365,7.41,1742.9559388
2012-07-16,7.44,8.08,7.411,8.08,4251.13931782
2012-07-17,8.08,9.0,7.672,8.45,5450.75704984
2012-07-18,8.599,9.15,8.391,8.9,7303.47335521
2012-07-19,8.9,9.08,8.8,9.036,3162.77043415
2012-07-20,8.803,9.034,7.82,8.411,3877.86496621
2012-07-21,8.4,8.89,7.89,8.421,2253.07262862
2012-07-22,8.5,8.55,8.1,8.1,925.74287011
2012-07-23,8.444,8.498,7.802,8.488,7099.17850514
2012-07-24,8.404,8.55,8.25,8.435,3708.59184142
2012-07-25,8.45,8.61,8.3,8.511,2536.7193289
2012-07-26,8.511,8.71,8.42,8.699,2675.08993113
2012-07-27,8.7,8.754,8.501,8.726,1617.90204364
2012-07-28,8.66,8.725,8.611,8.614,1121.38836332
2012-07-29,8.614,8.712,8.571,8.581,994.7649404
2012-07-30,8.581,8.976,8.371,8.852,4347.3105794
2012-07-31,8.854,9.9,8.854,9.151,874.14210862
2012-08-01,9.175,9.394,9.011,9.349,6675.3019257
2012-08-02,9.349,10.4,9.101,10.2,4605.44709823
2012-08-03,10.38,11.09,10.04,10.681,4430.07155833
2012-08-04,10.85,11.0,10.401,10.582,3399.80377286
2012-08-05,10.582,10.617,10.04,10.339,5706.18122815
2012-08-06,10.339,10.877,10.205,10.685,5114.3235842
2012-08-07,10.587,10.747,10.421,10.738,6417.8749323
2012-08-08,10.738,10.9,10.64,10.816,1985.13362138
2012-08-09,10.816,12.0,10.8,11.0,5728.78037627
2012-08-10,11.0,11.4,10.802,11.282,7497.26820269
2012-08-11,11.172,11.315,11.104,11.281,1064.377357
2012-08-12,11.281,11.497,11.281,11.41,2052.38487172
2012-08-13,11.495,11.75,11.3,11.75,6742.72755166
2012-08-14,11.7,12.099,11.7,12.039,3037.02998489
2012-08-15,12.039,13.396,12.039,13.1,4127.16706684
2012-08-16,13.199,13.394,12.583,13.298,5781.82490026
2012-08-17,13.151,15.298,10.834,11.49,9748.42619706
2012-08-18,12.6,13.47,10.776,11.304,2259.3146651
2012-08-19,11.301,11.6,7.54,7.85,5441.91413173
2012-08-20,7.85,10.399,7.54,9.7,8159.37995608
2012-08-21,9.7,10.19,9.302,9.85,3200.40064104
2012-08-22,9.85,10.328,9.65,9.822,2877.29503806
2012-08-23,9.822,10.097,9.801,9.81,1699.0064927
2012-08-24,9.899,10.748,9.81,10.709,2745.21738921
2012-08-25,10.614,10.752,10.073,10.58,1427.471932
2012-08-26,10.521,10.65,10.515,10.556,675.77531297
2012-08-27,10.556,12.201,10.556,10.9,5832.63238526
2012-08-28,11.0,11.5,10.501,10.802,5801.0138174
2012-08-29,10.8,11.03,10.65,10.7,1035.28682506
2012-08-30,10.652,10.825,10.501,10.825,1456.0198386
2012-08-31,10.748,10.748,9.7,10.0,1865.18559832
2012-09-01,10.05,10.25,9.503,9.95,1396.3627196
2012-09-02,9.999,10.5,9.715,10.192,1338.29495199
2012-09-03,10.124,10.484,10.001,10.428,1382.95897735
2012-09-04,10.321,10.387,10.0,10.291,1444.09846409
2012-09-05,10.174,10.9,10.051,10.82,3261.91386181
2012-09-06,10.78,11.295,10.6,11.078,3856.16405617
2012-09-07,11.078,11.219,10.812,11.004,2265.118354
2012-09-08,11.003,11.1,10.69,11.006,2714.1964198
2012-09-09,11.009,11.094,10.704,10.824,1130.931607
2012-09-10,10.88,11.098,10.88,10.955,2423.81797396
2012-09-11,10.955,11.098,10.801,11.01,5372.18690965
2012-09-12,11.02,11.279,10.79,11.276,3068.48619026
2012-09-13,11.277,11.292,11.186,11.195,1428.45633367
2012-09-14,11.191,11.646,11.191,11.6,2975.47668416
2012-09-15,11.639,11.639,11.353,11.5,1005.23990448
2012-09-16,11.5,11.88,11.41,11.651,1868.54935554
2012-09-17,11.7,11.828,11.553,11.65,5142.6159962
2012-09-18,11.623,12.1,11.59,11.954,3966.66255194
2012-09-19,12.095,12.44,11.954,12.352,3354.05073876
2012-09-20,12.448,12.571,12.229,12.356,3215.14831036
2012-09-21,12.345,12.5,11.861,12.196,1807.67690885
2012-09-22,12.115,12.196,11.933,11.979,1079.33950283
2012-09-23,11.979,12.0,11.57,11.92,2081.83230385
2012-09-24,11.978,12.0,11.632,11.785,6078.97248196
2012-09-25,11.801,11.99,11.7,11.85,2286.51155322
2012-09-26,11.836,12.2,11.791,12.031,1704.09620161
2012-09-27,12.031,12.2,11.951,12.178,2717.8941406
2012-09-28,12.062,12.25,12.02,12.15,2943.37773601
2012-09-29,12.101,12.31,12.03,12.172,2720.65395844
2012-09-30,12.171,12.25,12.08,12.16,1021.01454642
2012-10-01,12.1,12.17,11.931,11.953,6891.49903743
2012-10-02,11.953,12.37,11.941,12.3,9309.05144642
2012-10-03,12.266,12.55,12.205,12.55,8051.84888523
2012-10-04,12.549,12.799,12.461,12.6,4025.33323568
2012-10-05,12.6,12.696,12.41,12.553,1882.61572172
2012-10-06,12.554,12.62,12.364,12.388,1059.2186957
2012-10-07,12.388,12.389,11.703,11.798,2559.61402587
2012-10-08,11.971,11.996,10.601,11.699,4080.18430876
2012-10-09,11.671,12.177,11.671,11.969,2575.19794446
2012-10-10,11.997,12.3,11.771,11.906,4031.39803669
2012-10-11,11.905,12.0,11.754,11.861,2616.42132914
2012-10-12,11.863,12.0,11.75,11.92,2223.75186542
2012-10-13,11.92,11.95,11.576,11.698,5585.19577454
2012-10-14,11.632,11.959,11.575,11.576,2170.41839919
2012-10-15,11.56,11.7,11.301,11.552,2664.47596561
2012-10-16,11.53,11.75,11.5,11.75,1748.58514059
2012-10-17,11.75,11.799,11.1,11.579,2343.48576459
2012-10-18,11.65,11.75,11.529,11.606,2191.526789
2012-10-19,11.614,11.7,11.302,11.5,2134.92765813
2012-10-20,11.5,11.615,11.296,11.5,2600.02177113
2012-10-21,11.48,11.519,11.311,11.467,1848.2314511
2012-10-22,11.39,11.497,11.133,11.19,4816.53353487
2012-10-23,11.189,11.541,11.08,11.459,4873.05349834
2012-10-24,11.458,11.498,11.3,11.4,2198.0428281
2012-10-25,11.416,11.449,9.917,10.233,5079.0530097
2012-10-26,10.235,10.496,8.889,9.787,5263.10178663
2012-10-27,9.84,10.43,9.325,9.9,1525.30794079
2012-10-28,9.997,10.35,9.86,10.346,2225.35702113
2012-10-29,10.345,10.441,10.108,10.441,4519.6333504
2012-10-30,10.4,10.6,10.24,10.49,4308.32923061
2012-10-31,10.6,11.032,10.525,11.032,2520.36680613
2012-11-01,10.923,11.099,10.5,10.698,3175.65922915
2012-11-02,10.697,10.699,10.1,10.261,5261.83685613
2012-11-03,10.26,10.4,10.0,10.351,5110.00437966
2012-11-04,10.355,10.45,10.0,10.351,6223.03464618
2012-11-05,10.379,10.497,10.191,10.497,6812.41883007
2012-11-06,10.497,10.689,10.405,10.653,3433.9979422
2012-11-07,10.657,10.79,10.5,10.755,3456.44923343
2012-11-08,10.749,10.749,10.404,10.551,4049.79826534
2012-11-09,10.55,10.7,10.47,10.59,2538.12225969
2012-11-10,10.606,10.7,10.551,10.66,948.0948295
2012-11-11,10.66,10.69,10.346,10.519,4178.84405387
2012-11-12,10.522,10.79,10.341,10.75,7315.31374283
2012-11-13,10.73,10.79,10.599,10.667,2956.12386961
2012-11-14,10.747,10.75,10.656,10.74,1635.6608131
2012-11-15,10.692,10.969,10.671,10.85,3287.89039021
2012-11-16,10.85,11.643,10.756,11.49,5762.11397546
2012-11-17,11.548,11.644,11.202,11.461,2960.62649103
2012-11-18,11.538,11.65,11.465,11.56,2454.9897239
2012-11-19,11.56,11.8,11.525,11.59,4958.02613348
2012-11-20,11.591,11.75,11.589,11.603,1984.7249062
2012-11-21,11.605,11.778,11.602,11.61,2227.03841751
2012-11-22,11.62,12.2,11.611,12.03,4495.15601995
2012-11-23,12.089,12.1,11.891,12.1,2402.82234752
2012-11-24,12.099,12.2,11.943,12.199,1340.62365795
2012-11-25,12.151,12.4,12.112,12.253,2048.59434625
2012-11-26,12.386,12.4,11.883,11.897,1862.19784697
2012-11-27,11.89,12.35,11.414,12.0,5635.119965
2012-11-28,11.96,12.2,11.95,12.07,2363.86846925
2012-11-29,12.027,12.298,11.99,12.15,3161.20661045
2012-11-30,12.07,12.387,12.07,12.263,2091.5530389
2012-12-01,12.35,12.398,12.231,12.3,1653.79401611
2012-12-02,12.3,12.396,12.221,12.242,1791.2012214
2012-12-03,12.242,12.355,12.24,12.34,3594.82243959
2012-12-04,12.29,13.297,12.261,13.151,3419.04798882
2012-12-05,13.151,13.279,12.92,13.103,2905.90707485
2012-12-06,13.096,13.685,13.05,13.2,2733.48719484
2012-12-07,13.182,13.5,12.801,13.2,5882.17487687
2012-12-08,13.2,13.296,13.1,13.103,1354.51399587
2012-12-09,13.102,13.188,12.91,13.089,1924.86220728
2012-12-10,13.09,13.25,12.976,13.25,3527.24747675
2012-12-11,13.21,13.389,13.13,13.389,1580.82545865
2012-12-12,13.312,13.509,13.3,13.45,2186.82289732
2012-12-13,13.401,13.499,13.351,13.397,1620.39305266
2012-12-14,13.421,13.549,13.3,13.303,1817.41987655
2012-12-15,13.386,13.44,13.31,13.351,822.5145908
2012-12-16,13.35,13.5,13.13,13.499,2312.95398279
2012-12-17,13.326,13.887,12.63,13.254,4106.99317429
2012-12-18,13.069,13.254,12.906,13.0,926.55628931
2012-12-19,13.099,13.15,12.89,13.07,4291.02179907
2012-12-20,12.998,13.23,12.881,13.18,6255.92826272
2012-12-21,13.207,13.21,12.921,13.19,3175.15468112
2012-12-22,13.19,13.23,13.0,13.16,2919.59708515
2012-12-23,13.196,13.197,12.95,13.069,1352.91816019
2012-12-24,13.07,13.177,13.0,13.13,1358.33566048
2012-12-25,13.13,13.25,13.051,13.11,1340.30577198
2012-12-26,13.15,13.19,13.054,13.104,918.20916279
2012-12-27,13.104,13.19,13.051,13.09,1386.66344002
2012-12-28,13.09,13.219,13.061,13.18,2954.60058098
2012-12-29,13.208,13.33,13.12,13.154,1384.7219401
2012-12-30,13.16,13.3,13.115,13.187,1072.00834086
2012-12-31,13.248,13.34,13.151,13.284,1205.31298281
2013-01-01,13.282,13.399,13.13,13.201,1330.84401303
2013-01-02,13.202,13.248,13.16,13.2,504.84105689
2013-01-03,13.216,13.236,13.125,13.208,1280.69950041
2013-01-04,13.208,13.236,13.153,13.229,1829.20375
2013-01-05,13.231,13.24,13.086,13.114,4376.31983672
2013-01-06,13.114,13.185,13.068,13.13,1032.16372946
2013-01-07,13.092,13.293,13.07,13.266,3015.82232171
2013-01-08,13.293,13.648,13.238,13.519,3275.36380468
2013-01-09,13.579,13.789,13.481,13.624,1939.0388358
2013-01-10,13.563,14.159,13.51,13.939,4524.68287328
2013-01-11,13.933,14.099,13.818,14.041,1531.04455145
2013-01-12,14.04,14.1,13.902,13.921,874.30859869
2013-01-13,13.922,14.0,13.903,13.921,1285.12451205
2013-01-14,13.923,14.04,13.8,14.04,1795.38394942
2013-01-15,14.0,14.059,13.902,13.935,2042.16441092
2013-01-16,14.0,14.4,13.933,14.397,2792.00077039
2013-01-17,14.39,15.321,14.35,15.321,3094.83972196
2013-01-18,15.321,15.78,15.1,15.283,2956.12212741
2013-01-19,15.31,15.437,15.062,15.287,854.94467105
2013-01-20,15.289,15.5,15.1,15.38,2862.34760627
2013-01-21,15.441,16.597,15.364,16.2,7944.68104961
2013-01-22,16.2,17.488,16.131,17.084,3550.86181778
2013-01-23,16.948,17.2,16.3,17.097,3737.02904736
2013-01-24,17.183,18.799,15.8,16.693,9498.91982478
2013-01-25,16.645,17.5,15.21,17.003,3305.83178962
2013-01-26,17.084,17.248,16.501,17.248,1811.28227377
2013-01-27,17.248,17.6,16.9,17.302,3673.0249825
2013-01-28,17.271,18.22,17.271,18.155,2988.98816716
2013-01-29,18.229,19.2,18.139,18.849,8000.24168842
2013-01-30,18.849,19.35,18.564,19.1,3187.3054034
2013-01-31,19.339,21.109,19.0,20.089,5097.90081771
2013-02-01,19.957,20.6,19.956,20.479,2820.11066447
2013-02-02,20.35,20.35,18.3,19.7,3148.24247125
2013-02-03,19.639,20.479,19.211,20.408,2938.61657894
2013-02-04,20.32,20.599,19.644,20.093,2008.96560048
2013-02-05,20.106,20.299,19.852,20.121,1449.28923202
2013-02-06,20.2,20.87,20.151,20.749,4274.9960264
2013-02-07,20.747,21.7,20.4,21.691,3334.02730439
2013-02-08,21.691,22.35,21.6,22.295,1764.98778436
2013-02-09,22.338,23.489,22.09,23.252,2110.10652253
2013-02-10,23.3,23.4,22.382,23.222,2174.46782643
2013-02-11,23.316,24.242,23.225,24.2,3449.62920823
2013-02-12,24.025,25.3,23.916,24.188,4086.68259103
2013-02-13,24.188,25.989,24.1,24.315,3577.50795193
2013-02-14,24.327,26.7,21.844,26.305,4543.80075152
2013-02-15,26.307,26.999,25.362,26.49,3640.44767556
2013-02-16,26.49,26.667,26.2,26.597,2931.00961322
2013-02-17,26.597,26.698,25.282,26.492,2158.53201453
2013-02-18,26.5,26.55,25.75,26.55,1581.89255238
2013-02-19,26.549,28.9,26.35,28.838,3507.15715893
2013-02-20,28.715,29.3,28.558,29.166,1567.69328181
2013-02-21,29.158,29.409,29.0,29.4,1846.91134975
2013-02-22,29.31,30.2,29.0,29.001,3245.36687345
2013-02-23,29.02,29.899,25.411,28.999,4056.84060874
2013-02-24,28.985,29.302,28.072,28.557,753.18053033
2013-02-25,28.599,29.98,28.31,29.0,1309.57534874
2013-02-26,28.982,29.84,28.81,29.301,1549.49260691
2013-02-27,29.401,30.49,29.22,30.296,4246.14174755
2013-02-28,30.296,33.42,30.0,32.435,4881.61407288
2013-03-01,32.973,33.53,32.3,33.5,1913.1435968
2013-03-02,33.302,33.499,32.665,32.934,996.97895553
2013-03-03,32.811,32.995,32.046,32.105,1126.82466832
2013-03-04,32.107,34.8,31.885,34.599,4267.8891656
2013-03-05,34.29,39.09,34.29,38.963,3527.03078543
2013-03-06,38.98,44.997,38.75,39.0,4858.95420209
2013-03-07,39.0,44.0,33.501,40.493,4885.92865898
2013-03-08,40.974,42.319,39.8,41.606,1246.81606248
2013-03-09,41.877,44.477,41.464,44.477,1703.82141963
2013-03-10,44.491,44.998,44.012,44.345,2471.45050794
2013-03-11,44.304,45.995,44.28,45.935,3683.28652658
2013-03-12,45.996,46.0,36.201,42.222,6541.73082671
2013-03-13,42.222,44.886,42.221,43.35,5028.40740378
2013-03-14,43.305,44.49,43.101,43.301,3094.78726283
2013-03-15,43.301,44.497,42.5,43.891,2532.70126503
2013-03-16,44.0,44.399,43.661,44.317,2295.66104624
2013-03-17,43.968,44.47,43.702,43.893,2857.02668195
2013-03-18,43.899,49.64,43.721,48.62,5964.72671998
2013-03-19,47.851,54.529,47.851,54.353,8729.88700609
2013-03-20,53.932,64.995,53.2,61.504,3943.85272984
2013-03-21,61.98,70.0,61.247,65.998,7813.59740186
2013-03-22,65.979,68.66,62.7,65.5,4770.552626
2013-03-23,66.0,66.25,50.0,61.532,4510.29730731
2013-03-24,61.54,68.0,58.635,67.999,3121.48305232
2013-03-25,67.99,74.0,67.455,70.3,3744.84062537
2013-03-26,69.9,74.99,69.501,73.507,3791.6452775
2013-03-27,74.259,85.9,73.638,84.216,5126.67125274
2013-03-28,84.303,93.199,70.0,87.2,10086.3490095
2013-03-29,86.1,91.0,83.0,87.1,2908.63832864
2013-03-30,87.1,90.0,86.0,87.808,2507.73692398
2013-03-31,87.8,90.499,87.8,90.299,1659.1579612
2013-04-01,89.93,99.8,88.421,99.49,9884.71555591
2013-04-02,99.499,116.0,97.0,115.999,11245.5974079
2013-04-03,115.999,149.0,100.01,124.006,19087.2581254
2013-04-04,124.006,133.5,106.55,123.118,6998.55979759
2013-04-05,123.118,137.0,122.281,134.21,7793.36380748
2013-04-06,134.22,139.0,131.12,134.007,5713.70041453
2013-04-07,133.0,155.0,132.99,151.16,8845.63703132
2013-04-08,151.6,184.5,150.1,175.521,11896.3093409
2013-04-09,175.53,230.0,175.5,215.263,10395.1178937
2013-04-10,216.999,259.0,100.0,161.0,46512.4636211
2013-04-11,161.002,184.0,52.999,80.0,63034.870898
2013-04-12,80.001,131.0,53.0,104.89,73964.4960188
2013-04-13,104.89,117.7,84.499,91.98,32844.9259166
2013-04-14,91.999,102.02,90.0,91.699,14997.9752632
2013-04-15,91.704,99.0,69.904,82.511,30711.7335273
2013-04-16,82.511,84.0,51.0,67.574,60656.8987911
2013-04-17,68.015,94.99,64.21,87.369,37935.4869265
2013-04-18,87.369,105.96,81.777,101.989,19310.5654653
2013-04-19,101.0,127.0,97.0,112.4,32430.88048
2013-04-20,112.365,119.99,108.06,116.595,9682.2315535
2013-04-21,116.589,119.93,96.0,112.0,19967.224474
2013-04-22,111.57,117.15,110.06,115.499,9070.58615185
2013-04-23,115.46,126.9,113.25,126.1,14238.0187835
2013-04-24,126.1,154.99,123.2,143.5,28045.657017
2013-04-25,143.59,150.0,120.0,135.89,21533.1710567
2013-04-26,135.889,136.759,117.0,130.0,16519.709302
2013-04-27,130.002,131.74,119.011,122.63,8658.92901907
2013-04-28,122.11,131.5,121.59,125.98,5094.63246937
2013-04-29,126.03,136.9,125.5,135.14,10699.2882431
2013-04-30,135.119,135.98,129.01,133.829,9230.58629843
2013-05-01,133.24,133.86,95.001,116.084,24199.8449702
2013-05-02,116.084,125.93,95.11,106.798,31889.9136427
2013-05-03,106.798,108.0,79.74,98.59,32940.6420194
2013-05-04,98.59,116.0,93.01,111.49,22072.3163627
2013-05-05,111.49,118.053,107.0,115.1,9441.67662622
2013-05-06,115.01,120.99,103.66,110.999,16328.520246
2013-05-07,110.8,111.0,96.99,109.95,16948.8522273
2013-05-08,109.94,113.29,107.26,109.249,7581.10981157
2013-05-09,108.77,109.5,105.99,108.07,3973.81691792
2013-05-10,108.09,115.58,108.002,112.989,8456.22128219
2013-05-11,112.81,113.75,110.0,112.195,2984.37410676
2013-05-12,112.196,113.5,108.6,111.279,3027.15860238
2013-05-13,111.199,114.012,110.86,113.203,4567.74418926
2013-05-14,113.12,114.42,103.33,104.15,7590.88837344
2013-05-15,104.15,110.689,97.01,105.0,12648.3625483
2013-05-16,105.0,109.12,104.8,109.0,4327.28457429
2013-05-17,108.9,114.35,107.0,112.083,8260.40649164
2013-05-18,112.0,114.5,111.71,113.63,2934.51736836
2013-05-19,113.65,114.4,111.0,112.16,3179.10842528
2013-05-20,112.7,114.39,112.0,113.699,2508.41507981
2013-05-21,113.69,116.9,113.0,116.87,3903.69290304
2013-05-22,116.67,117.99,115.15,116.701,4090.80365656
2013-05-23,116.701,121.2,116.6,120.691,2957.41965171
2013-05-24,121.0,129.937,120.13,128.209,6862.39316222
2013-05-25,128.009,128.916,125.4,127.44,3117.0955378
2013-05-26,127.94,130.96,127.031,129.566,2877.42357342
2013-05-27,129.583,131.008,120.0,127.15,4792.24760791
2013-05-28,126.25,127.299,122.01,125.2,3332.65199531
2013-05-29,125.2,129.481,123.944,127.66,3023.41882283
2013-05-30,127.989,129.9,125.57,126.5,3664.61788271
2013-05-31,126.5,127.568,125.3,126.347,1989.66813888
2013-06-01,126.0,127.48,125.51,127.47,1550.90751492
2013-06-02,127.47,127.796,116.0,120.8,7675.76244739
2013-06-03,120.996,121.582,115.0,119.67,5127.31044974
2013-06-04,119.67,123.07,118.22,119.7,3589.81903582
2013-06-05,119.7,121.156,117.901,120.491,3080.43281919
2013-06-06,120.5,120.6,117.9,118.28,2116.91582145
2013-06-07,118.23,119.0,109.5,111.798,8495.07042637
2013-06-08,111.8,112.0,107.01,109.37,4875.67767399
2013-06-09,109.37,109.37,91.14,102.5,16848.1368008
2013-06-10,102.999,107.77,94.0,105.12,7405.59563731
2013-06-11,105.11,109.13,104.51,108.0,3797.28297339
2013-06-12,108.498,110.0,106.983,107.6,4212.00372581
2013-06-13,107.89,109.24,100.8,105.502,5377.04632851
2013-06-14,105.71,106.1,99.4,100.0,5143.65759907
2013-06-15,99.99,102.9,97.68,100.51,2644.79382727
2013-06-16,100.51,101.48,99.41,100.2,1692.66472593
2013-06-17,100.336,103.0,99.402,101.36,2174.33107945
2013-06-18,102.381,109.999,101.39,104.9,7535.06730689
2013-06-19,104.94,107.5,103.501,105.225,4194.67754663
2013-06-20,105.228,108.0,104.222,106.424,4289.99621201
2013-06-21,106.774,107.997,102.83,105.634,6567.77483157
2013-06-22,105.634,105.9,100.51,101.708,5039.36888529
2013-06-23,102.199,102.932,99.49,101.158,4275.80046927
2013-06-24,100.66,101.699,92.198,96.226,6802.55371338
2013-06-25,96.494,102.0,95.998,98.0,5076.45554651
2013-06-26,98.0,98.989,97.0,97.999,1075.49290688
2013-06-27,97.999,98.175,95.135,95.2,2002.84615135
2013-06-28,95.494,95.799,87.05,88.989,6385.67019924
2013-06-29,88.969,91.999,86.8,89.599,3270.25783667
2013-06-30,89.45,91.489,89.0,90.207,2627.34048624
2013-07-01,90.207,91.974,75.566,81.008,12047.9070041
2013-07-02,81.008,86.6,80.245,85.4,5837.88463004
2013-07-03,85.399,86.087,76.0,77.448,9675.75290539
2013-07-04,77.4,82.001,72.45,79.283,13297.5285514
2013-07-05,79.644,79.7,63.32,66.39,16989.1661898
2013-07-06,66.499,72.1,63.503,65.501,7480.04044194
2013-07-07,65.501,75.0,64.12,74.0,5227.66273365
2013-07-08,73.999,77.526,69.0,73.099,9204.39460815
2013-07-09,72.739,73.4,68.35,72.247,6347.11185752
2013-07-10,71.787,81.989,70.329,80.19,9074.57050886
2013-07-11,80.499,84.1,78.222,82.5,6929.11144221
2013-07-12,82.999,95.888,82.495,86.999,14153.9269507
2013-07-13,87.2,90.092,82.301,88.99,5839.72549895
2013-07-14,89.032,90.0,85.74,87.899,2194.8141873
2013-07-15,87.29,92.2,86.4,91.3,4911.83558767
2013-07-16,91.31,91.749,87.0,88.55,3557.79545795
2013-07-17,88.551,90.085,88.01,88.999,3177.00619703
2013-07-18,89.498,89.8,81.0,83.468,6979.78650083
2013-07-19,83.876,85.4,82.002,83.8,2953.46268531
2013-07-20,83.765,85.29,83.5,83.95,1745.90682465
2013-07-21,83.98,84.9,82.5,83.797,1583.50152109
2013-07-22,83.8,84.9,83.0,84.4,1778.81576261
2013-07-23,84.5,87.3,84.0,85.98,3994.00301245
2013-07-24,85.98,87.564,85.786,86.869,2584.33439806
2013-07-25,86.86,88.99,86.118,88.89,3706.98636096
2013-07-26,88.9,89.998,88.22,89.496,3632.22206263
2013-07-27,89.4,89.59,86.403,87.61,2331.83099006
2013-07-28,87.9,90.9,87.5,89.5,3675.04603556
2013-07-29,89.5,92.589,88.6,91.2,4519.4744838
2013-07-30,91.1,95.0,90.761,95.0,4359.15842298
2013-07-31,95.0,99.9,94.01,97.0,7603.90417958
2013-08-01,96.984,97.234,93.5,94.75,3234.66169396
2013-08-02,94.99,96.999,93.211,96.0,4281.64648323
2013-08-03,96.0,96.269,94.03,94.743,1726.16351125
2013-08-04,94.743,95.12,93.5,94.359,1758.41954018
2013-08-05,94.46,96.8,94.043,96.46,2960.02283967
2013-08-06,96.464,98.0,95.9,97.32,2972.16059858
2013-08-07,97.32,98.2,96.01,97.46,2802.11151766
2013-08-08,97.48,97.493,92.42,94.383,6100.30008355
2013-08-09,94.536,95.5,93.16,93.821,1830.47836734
2013-08-10,93.821,94.732,92.0,92.941,2384.64028343
2013-08-11,92.941,95.59,92.5,93.135,2784.64390659
2013-08-12,93.135,94.9,92.392,94.843,2775.70925403
2013-08-13,94.895,95.01,93.7,94.98,2382.23660704
2013-08-14,94.98,98.27,94.5,97.605,5075.74901789
2013-08-15,97.605,98.1,95.941,96.298,2589.69255632
2013-08-16,96.298,96.9,95.0,96.338,1973.02915252
2013-08-17,96.63,97.2,96.003,96.961,1279.67596373
2013-08-18,96.997,97.288,96.5,96.852,1290.94032437
2013-08-19,96.891,100.624,96.72,99.1,4699.54138434
2013-08-20,99.1,103.101,99.0,103.101,2432.23775815
2013-08-21,103.1,109.0,101.13,107.12,5668.10613446
2013-08-22,107.67,109.0,106.003,106.913,3416.10035599
2013-08-23,106.978,107.3,102.138,105.25,3521.02715847
2013-08-24,105.24,107.0,104.1,106.358,1949.82363797
2013-08-25,106.32,110.35,106.054,109.251,3510.1695101
2013-08-26,109.3,110.0,106.206,108.39,2991.50689564
2013-08-27,108.39,116.5,108.289,115.36,6060.40352639
2013-08-28,115.36,116.299,114.013,115.2,3063.48024932
2013-08-29,115.598,116.08,114.796,115.972,1712.80603778
2013-08-30,115.972,121.95,115.512,120.722,5097.66528367
2013-08-31,121.232,126.555,120.0,122.9,5162.41167007
2013-09-01,122.9,126.402,119.0,126.402,2713.18443986
2013-09-02,126.402,126.566,123.05,124.774,3418.2559108
2013-09-03,124.7,125.96,123.5,124.998,2179.54684467
2013-09-04,124.999,124.999,112.1,116.494,8233.34530239
2013-09-05,116.923,119.487,111.611,117.0,4982.25617039
2013-09-06,117.0,119.289,113.0,113.0,4963.90771078
2013-09-07,113.015,119.0,112.125,117.031,3172.11337602
2013-09-08,117.786,118.345,114.4,115.44,2130.12489538
2013-09-09,115.763,121.999,114.5,119.924,5363.49972483
2013-09-10,119.923,121.909,119.312,119.998,2050.97570466
2013-09-11,119.465,124.9,117.0,124.0,7498.66219824
2013-09-12,123.949,124.898,122.56,123.39,3737.34357763
2013-09-13,123.39,125.0,122.0,124.75,3277.9316379
2013-09-14,124.75,125.0,122.511,123.144,3316.20017095
2013-09-15,123.786,124.03,121.0,123.6,3101.72973167
2013-09-16,123.6,125.0,122.4,123.999,4114.45923899
2013-09-17,124.0,125.0,123.151,124.502,3515.21146491
2013-09-18,124.98,126.01,124.423,125.092,3562.30071894
2013-09-19,125.0,125.0,120.0,120.753,5568.59099757
2013-09-20,120.899,123.999,119.502,121.116,4835.8571365
2013-09-21,121.116,122.495,120.8,121.1,1925.16967046
2013-09-22,121.37,122.189,120.5,121.698,1543.67768478
2013-09-23,121.685,122.2,120.009,120.886,2634.95354267
2013-09-24,120.886,121.794,119.502,121.733,3365.82278709
2013-09-25,121.726,123.8,121.0,122.554,3399.9363028
2013-09-26,122.554,123.189,121.014,122.749,2285.63834702
2013-09-27,122.009,123.499,121.59,122.739,2739.51094605
2013-09-28,122.801,123.7,122.06,123.6,1786.11022112
2013-09-29,123.6,124.79,122.9,123.051,2714.5297836
2013-09-30,123.401,123.98,121.2,122.999,3099.63922596
2013-10-01,123.0,124.688,122.717,123.747,3873.4203812
2013-10-02,123.747,124.492,75.0,101.807,23606.2615613
2013-10-03,101.907,116.5,100.0,115.2,7580.11142067
2013-10-04,115.23,120.8,115.224,118.833,4458.66313247
2013-10-05,119.3,120.0,118.221,119.321,1947.47078467
2013-10-06,119.124,119.9,118.221,119.611,1207.69642502
2013-10-07,119.61,123.879,119.01,121.2,3599.1021127
2013-10-08,121.25,122.687,120.58,121.979,7238.24736217
2013-10-09,121.99,123.999,121.413,123.8,8081.48020729
2013-10-10,123.365,125.0,123.0,123.641,7860.09083212
2013-10-11,123.641,125.0,123.16,124.193,4398.01604735
2013-10-12,123.713,124.99,123.71,124.584,1739.18429895
2013-10-13,124.98,128.663,124.48,128.663,4467.21538186
2013-10-14,128.663,133.999,127.836,131.57,20931.4559965
2013-10-15,131.499,137.989,130.801,137.979,9012.27309497
2013-10-16,137.978,144.85,131.374,134.45,32220.2730544
2013-10-17,135.441,141.0,134.201,140.68,22771.2876955
2013-10-18,140.68,147.5,140.109,147.491,27456.6407193
2013-10-19,147.491,160.0,145.71,156.8,18321.1206315
2013-10-20,156.795,159.0,154.5,158.774,4224.92746379
2013-10-21,158.774,173.999,158.525,171.364,12876.2346781
2013-10-22,171.3,187.0,169.9,184.6,17428.7666407
2013-10-23,184.6,199.5,182.843,198.554,20870.4525285
2013-10-24,198.9,204.0,152.499,184.0,44180.3466655
2013-10-25,184.05,184.5,156.0,178.86,35003.9476768
2013-10-26,178.78,179.0,166.4,170.966,31430.6604666
2013-10-27,171.372,187.0,170.42,186.99,12486.9595926
2013-10-28,186.979,192.429,181.201,189.0,8053.8561419
2013-10-29,188.9,198.6,188.1,198.0,6132.40018001
2013-10-30,198.0,198.442,191.012,193.299,11047.0852145
2013-10-31,192.665,198.39,192.2,197.9,5517.72283567
2013-11-01,197.9,199.2,195.552,198.989,3715.42572602
2013-11-02,198.8,201.0,197.8,198.854,3495.37678383
2013-11-03,199.001,209.85,198.0,208.778,9197.39203367
2013-11-04,208.91,225.0,206.0,223.771,13066.9512663
2013-11-05,223.0,244.88,216.0,237.18,24979.7171838
2013-11-06,237.55,253.9,237.181,251.001,18758.3316969
2013-11-07,251.98,292.499,250.323,281.81,35945.9516401
2013-11-08,281.81,315.0,280.019,313.118,18564.3782853
2013-11-09,313.118,349.114,301.1,331.298,26504.4978835
2013-11-10,331.298,338.9,255.0,302.0,49930.5213819
2013-11-11,301.902,329.698,290.0,321.322,17418.6858238
2013-11-12,321.322,345.9,320.4,343.897,16516.4119288
2013-11-13,343.7,400.0,342.351,392.435,21905.2456153
2013-11-14,392.7,411.0,380.583,406.001,21398.4163563
2013-11-15,405.57,425.5,380.0,406.99,22856.8066019
2013-11-16,406.1,428.97,396.5,421.998,12564.2061805
2013-11-17,422.49,487.7,420.491,480.6,21227.5715401
2013-11-18,481.307,679.999,456.0,679.45,60127.4310356
2013-11-19,679.45,823.275,375.0,545.152,85050.5415244
2013-11-20,545.151,567.87,382.49,545.0,67479.8147696
2013-11-21,545.119,684.0,530.0,673.547,32735.5630018
2013-11-22,671.0,722.0,615.03,699.0,25577.5610085
2013-11-23,698.0,774.0,675.0,724.2,26967.6991331
2013-11-24,724.999,743.558,630.0,699.0,22245.9483739
2013-11-25,698.988,750.0,695.2,743.999,18262.264378
2013-11-26,743.999,894.7,737.0,889.998,32905.3661441
2013-11-27,882.653,950.0,843.0,934.0,24997.0805868
2013-11-28,934.0,1000.0,850.0,962.03,40277.8163828
2013-11-29,962.03,1032.0,927.0,1023.71,28290.3628073
2013-11-30,1019.63,1095.2,1019.63,1051.55,13060.6590847
2013-12-01,1051.5,1054.0,677.0,878.173,61362.6218428
2013-12-02,878.01,989.005,830.0,980.001,26730.4103019
2013-12-03,980.054,1021.0,928.1,997.5,14625.9973335
2013-12-04,997.5,1077.23,990.301,1076.0,12388.50007
2013-12-05,1072.5,1077.23,846.0,990.4,62497.0770208
2013-12-06,990.4,996.929,824.0,839.0,45174.4899386
2013-12-07,839.0,874.988,551.0,698.0,119704.474731
2013-12-08,700.0,798.0,665.101,784.023,34854.0269476
2013-12-09,786.999,900.0,765.4,878.5,40734.5330371
2013-12-10,875.4,967.0,875.001,959.65,24673.0982798
2013-12-11,961.2,971.0,804.5,855.503,27317.918953
2013-12-12,855.009,889.998,825.0,860.0,12825.6298154
2013-12-13,855.172,908.96,835.0,869.0,17365.0484671
2013-12-14,866.001,874.899,837.0,846.92,6108.20542915
2013-12-15,846.92,869.999,801.1,863.64,12692.8330949
2013-12-16,863.64,869.89,634.0,690.0,66586.776144
2013-12-17,689.001,748.9,610.0,660.1,50533.0046393
2013-12-18,659.654,661.776,420.001,502.698,149309.482581
2013-12-19,502.698,694.88,483.78,681.0,66239.0627467
2013-12-20,680.0,709.899,585.0,609.0,46363.7889618
2013-12-21,609.0,642.9,560.102,591.169,25472.4876047
2013-12-22,591.169,659.999,572.1,604.201,23308.9768898
2013-12-23,606.88,669.97,591.0,650.22,16559.5620458
2013-12-24,650.22,668.6,629.0,650.33,11121.1979627
2013-12-25,650.002,675.0,640.0,674.96,9714.51810542
2013-12-26,674.95,758.0,674.89,743.301,25517.1999422
2013-12-27,743.301,761.0,681.0,715.009,27481.8364705
2013-12-28,715.01,736.451,689.9,711.826,12077.5957359
2013-12-29,711.826,732.34,695.0,720.016,7097.63376911
2013-12-30,724.0,738.0,716.64,728.998,7568.96892539
2013-12-31,725.005,734.99,710.0,730.5,6008.84096449
2014-01-01,730.5,749.8,728.0,744.0,7124.25959314
2014-01-02,744.157,799.89,736.861,782.5,14285.9479372
2014-01-03,782.001,819.0,764.834,801.19,15337.6829894
2014-01-04,800.0,829.0,780.65,823.499,11653.2588658
2014-01-05,823.5,919.989,823.5,904.0,21021.1796434
2014-01-06,903.297,990.0,888.0,925.0,29039.2391293
2014-01-07,925.0,944.002,755.32,757.12,34774.419054
2014-01-08,757.11,850.0,720.0,821.175,32287.7972132
2014-01-09,821.175,844.9,777.777,821.7,21176.1025547
2014-01-10,821.51,849.064,794.247,841.003,12758.2460932
2014-01-11,842.0,894.0,836.0,893.0,16232.3219123
2014-01-12,890.381,899.0,815.0,835.49,17049.2776025
2014-01-13,835.49,841.434,788.7,824.828,16349.0420643
2014-01-14,824.998,840.5,805.8,819.47,8014.58575548
2014-01-15,818.758,848.603,813.0,837.998,9798.52993122
2014-01-16,837.639,846.248,813.1,813.375,7223.98702532
2014-01-17,813.1,825.0,783.0,795.0,12851.6614428
2014-01-18,792.331,839.0,792.331,817.498,7266.91846078
2014-01-19,816.89,839.0,803.738,839.0,8159.38137386
2014-01-20,838.85,841.627,810.0,829.0,10419.766205
2014-01-21,830.5,836.989,819.941,831.55,5452.4885338
2014-01-22,832.0,835.0,815.0,822.0,7102.43896721
2014-01-23,821.0,828.888,800.08,809.294,8039.85553565
2014-01-24,805.919,809.445,753.057,774.98,14528.6112308
2014-01-25,774.98,818.0,768.75,806.252,8990.85619111
2014-01-26,806.252,830.0,790.001,817.802,10293.728051
2014-01-27,817.802,830.0,727.0,748.9,20075.6899629
2014-01-28,746.501,809.998,732.129,774.9,15956.8637589
2014-01-29,773.2,800.0,771.0,790.092,6350.38601444
2014-01-30,790.0,809.0,757.0,795.0,12110.1377949
2014-01-31,795.0,802.2,784.999,797.0,4327.11764298
2014-02-01,797.4,817.7,792.112,800.0,6154.15859745
2014-02-02,800.0,816.0,791.05,799.899,4612.22231227
2014-02-03,796.0,809.799,782.003,798.9,5517.27507032
2014-02-04,798.9,810.0,792.233,800.534,4186.23391265
2014-02-05,801.0,804.9,783.098,784.75,5988.45631991
2014-02-06,784.587,789.0,760.0,764.857,8828.63257379
2014-02-07,765.95,765.95,676.1,709.97,30461.3626221
2014-02-08,709.97,728.9,690.0,695.994,11192.6181191
2014-02-09,695.994,730.0,671.0,697.5,12310.729571
2014-02-10,697.5,719.862,102.0,671.0,50022.7580889
2014-02-11,672.005,709.989,621.001,664.666,27915.6573843
2014-02-12,661.002,672.0,632.0,643.52,9757.07499052
2014-02-13,647.852,653.896,580.1,591.391,18167.9847362
2014-02-14,591.391,689.0,503.0,643.62,51933.7893211
2014-02-15,643.62,650.0,616.001,637.13,8928.88718526
2014-02-16,637.13,648.0,552.21,599.0,21554.2038648
2014-02-17,599.601,646.0,593.03,613.44,14737.7296997
2014-02-18,612.7,633.998,603.012,615.0,8001.04442749
2014-02-19,615.0,616.91,604.57,611.0,5630.32693874
2014-02-20,611.0,616.425,533.0,542.0,22839.8540585
2014-02-21,542.685,576.0,514.152,555.5,23304.324899
2014-02-22,557.99,610.0,543.366,597.562,18445.8023576
2014-02-23,597.562,629.81,585.216,598.002,15068.7546005
2014-02-24,598.002,605.0,551.1,555.759,20403.765318
2014-02-25,555.759,555.87,430.12,534.0,73900.8117031
2014-02-26,534.0,592.0,531.0,568.0,32998.3528096
2014-02-27,568.0,579.2,539.05,570.0,13200.1867562
2014-02-28,569.0,572.0,533.001,537.506,12240.1025286
2014-03-01,537.507,565.999,530.001,562.3,9519.25460644
2014-03-02,560.053,562.3,546.0,554.003,4504.33542172
2014-03-03,554.003,687.0,550.489,644.021,41302.0058101
2014-03-04,644.021,698.887,639.433,656.56,26901.5202035
2014-03-05,656.6,668.1,633.337,653.154,9093.74626835
2014-03-06,654.999,658.0,634.032,648.0,4969.19138932
2014-03-07,648.0,648.8,604.0,619.72,9893.30197607
2014-03-08,619.72,629.176,590.0,609.97,6640.3932936
2014-03-09,609.97,640.042,604.486,630.497,5448.88509784
2014-03-10,627.024,642.999,610.0,622.6,6797.18064928
2014-03-11,623.305,631.998,616.101,626.002,4492.33227383
2014-03-12,626.002,637.393,622.131,628.445,6893.05275776
2014-03-13,628.747,635.0,622.1,629.75,6051.59746765
2014-03-14,629.75,630.0,620.456,622.089,3214.96746722
2014-03-15,622.089,634.0,620.01,629.99,2290.06359452
2014-03-16,629.99,630.0,615.0,624.89,2345.42870462
2014-03-17,624.89,627.81,608.002,617.01,3806.13025654
2014-03-18,617.0,619.207,598.0,613.996,7112.90582911
2014-03-19,610.611,624.98,605.611,606.1,5231.40604
2014-03-20,606.1,608.957,582.083,589.0,6591.68812379
2014-03-21,585.26,607.897,561.09,572.943,9221.43567094
2014-03-22,572.943,576.856,555.08,567.1,4075.35839786
2014-03-23,567.1,577.0,562.351,568.0,2316.37223022
2014-03-24,568.0,591.947,555.221,588.71,5988.03148111
2014-03-25,588.71,589.265,566.356,579.0,4500.14675735
2014-03-26,581.0,588.9,571.123,579.5,3290.47549977
2014-03-27,580.503,583.231,473.0,484.989,17531.7251152
2014-03-28,484.988,539.0,471.502,503.93,15071.6590344
2014-03-29,503.93,507.0,490.04,496.773,3462.66744539
2014-03-30,496.7,498.0,450.011,467.63,18261.0952957
2014-03-31,465.028,487.999,446.0,462.105,19844.7412269
2014-04-01,462.198,500.365,456.458,479.426,15586.1984334
2014-04-02,478.001,498.7,420.0,435.0,31526.5310715
2014-04-03,435.0,454.713,410.0,444.0,21617.8141371
2014-04-04,444.51,457.221,423.123,446.3,11806.7779645
2014-04-05,444.671,471.0,435.879,467.778,10639.0140014
2014-04-06,467.778,471.32,448.574,463.06,7638.44524725
2014-04-07,463.07,464.0,438.1,444.001,14496.1538434
2014-04-08,444.001,454.778,441.101,445.72,6278.33306282
2014-04-09,447.508,451.168,435.065,436.4,9721.73634847
2014-04-10,436.35,439.702,348.98,355.004,39861.4925066
2014-04-11,355.001,435.0,340.51,416.52,43344.361008
2014-04-12,416.519,440.0,407.73,415.869,17612.8566027
2014-04-13,414.201,425.553,381.88,411.997,26340.6332924
2014-04-14,411.997,470.0,401.134,452.782,28720.5037415
2014-04-15,452.14,554.0,447.101,520.0,30392.5713825
2014-04-16,520.0,544.999,483.174,526.999,26772.9261634
2014-04-17,526.999,535.36,465.0,485.98,16531.7121677
2014-04-18,485.98,491.567,454.0,472.499,9703.89586826
2014-04-19,470.161,500.0,452.2,492.337,10715.6471146
2014-04-20,494.999,505.0,474.0,489.53,5578.09507017
2014-04-21,489.53,503.998,476.95,483.653,5772.09670346
2014-04-22,484.072,490.0,463.73,472.003,6156.66318996
2014-04-23,473.001,481.56,471.5,479.899,3356.86444562
2014-04-24,479.899,498.0,470.372,492.667,5329.7810594
2014-04-25,492.667,495.534,431.683,450.77,18074.2057347
2014-04-26,449.957,456.999,434.001,449.0,4438.34459639
2014-04-27,449.0,450.5,425.357,425.357,4704.68924807
2014-04-28,425.357,438.0,412.971,429.525,7343.38390447
2014-04-29,430.0,443.89,423.001,438.88,5256.31960164
2014-04-30,438.6,443.89,428.0,438.381,7163.14561991
2014-05-01,438.01,453.56,437.5,448.99,6273.62159543
2014-05-02,447.193,448.998,428.0,436.0,5100.10171554
2014-05-03,435.693,436.0,420.52,433.635,3959.71848051
2014-05-04,432.0,435.0,423.401,428.888,2029.82276827
2014-05-05,428.999,431.588,421.777,425.759,2667.83775521
2014-05-06,425.0,428.468,411.391,421.0,6068.08688312
2014-05-07,421.0,437.0,415.001,428.244,8712.60639207
2014-05-08,430.0,436.0,426.39,429.038,4232.9239383
2014-05-09,428.2,444.0,426.5,442.0,4237.87569387
2014-05-10,442.0,446.0,437.539,445.124,2767.18529379
2014-05-11,444.89,447.403,426.666,434.8,3672.10026644
2014-05-12,432.563,438.0,428.0,433.95,2734.70575029
2014-05-13,433.95,437.998,430.0,433.9,3116.03801165
2014-05-14,432.831,439.485,430.101,435.701,4072.97176265
2014-05-15,435.542,441.998,434.016,439.744,3287.50861456
2014-05-16,439.804,441.0,435.0,438.89,3207.48428962
2014-05-17,438.88,440.975,437.96,440.949,1217.83186152
2014-05-18,440.949,440.999,438.851,440.649,1175.96223847
2014-05-19,440.599,441.9,435.126,437.853,3127.5657246
2014-05-20,437.854,488.979,436.728,478.0,17559.7551874
2014-05-21,478.365,488.0,474.126,480.0,5128.33400234
2014-05-22,478.945,523.754,476.999,521.905,11479.174565
2014-05-23,521.205,539.8,508.111,511.99,12412.7998442
2014-05-24,509.625,521.599,502.53,519.514,4005.77692712
2014-05-25,519.514,569.997,518.975,564.007,14977.0184636
2014-05-26,564.5,592.0,558.452,576.0,10520.9253474
2014-05-27,576.0,586.839,540.008,561.5,12717.9194254
2014-05-28,559.609,571.5,549.0,564.205,5851.4544879
2014-05-29,562.588,565.0,543.1,556.483,4772.93547381
2014-05-30,556.483,614.99,555.01,613.13,12306.5713792
2014-05-31,595.525,618.372,588.001,615.0,4244.53341289
2014-06-01,615.0,667.7,608.0,628.529,17868.6107175
2014-06-02,627.436,655.0,600.0,647.894,13700.736898
2014-06-03,647.1,668.416,635.5,657.01,8361.38318083
2014-06-04,656.98,659.697,605.0,627.049,12705.4783979
2014-06-05,625.5,657.025,625.101,647.212,6192.76300598
2014-06-06,646.317,649.8,635.011,639.02,3430.16970956
2014-06-07,639.031,646.0,627.59,644.86,2707.86214415
2014-06-08,644.3,650.0,641.5,644.541,2068.90890686
2014-06-09,644.54,648.0,625.0,639.237,3901.75266918
2014-06-10,639.679,648.0,633.0,644.1,3430.57229738
2014-06-11,644.1,648.889,620.0,623.295,5785.07255021
2014-06-12,623.294,632.32,560.0,576.6,14609.8979274
2014-06-13,576.6,612.005,575.001,597.006,9094.67132815
2014-06-14,597.21,597.511,545.501,573.899,9781.08413503
2014-06-15,571.001,592.0,551.371,592.0,6207.41550757
2014-06-16,592.0,603.994,578.0,585.624,8447.53014268
2014-06-17,585.624,605.0,583.019,602.333,4022.85634673
2014-06-18,603.582,610.0,585.0,599.491,5296.32986722
2014-06-19,598.07,600.45,594.3,596.227,114.00642368
2014-06-20,591.4,592.151,578.968,584.998,3900.88140885
2014-06-21,584.999,590.77,575.4,586.67,3122.5543701
2014-06-22,588.568,597.925,585.3,593.79,3168.35336601
2014-06-23,594.081,595.85,577.251,584.989,3449.45905113
2014-06-24,583.45,585.85,566.76,571.3,3482.75395728
2014-06-25,570.15,575.0,555.01,560.64,5472.15951488
2014-06-26,558.408,578.179,557.0,576.818,4172.34054013
2014-06-27,576.818,600.0,573.0,598.492,6111.99848772
2014-06-28,598.641,605.0,584.0,588.245,4369.57703053
2014-06-29,588.244,599.772,584.12,595.0,3271.60813724
2014-06-30,595.999,647.0,593.015,640.091,13161.9155365
2014-07-01,640.089,654.381,622.345,629.334,10248.7182712
2014-07-02,628.06,648.0,625.0,641.11,5666.17088378
2014-07-03,641.11,645.0,628.0,636.368,3681.86185302
2014-07-04,636.923,639.63,622.0,626.24,3779.10107441
2014-07-05,625.0,629.532,621.1,626.6,1986.93632447
2014-07-06,626.6,636.995,625.903,630.311,2037.39445683
2014-07-07,630.0,633.0,610.01,616.916,4109.14485731
2014-07-08,616.87,621.479,610.0,615.779,2379.35409313
2014-07-09,615.779,619.429,611.787,615.777,1977.79708807
2014-07-10,615.592,618.726,603.7,609.656,3057.83190629
2014-07-11,609.574,626.25,605.0,623.01,2986.02589631
2014-07-12,623.673,629.6,618.605,627.0,2103.09040264
2014-07-13,627.0,627.994,618.86,623.0,1770.27566228
2014-07-14,621.667,623.23,611.0,618.503,2647.46022552
2014-07-15,618.179,619.231,612.46,614.666,2107.24580474
2014-07-16,614.98,618.0,609.5,611.229,3045.55932809
2014-07-17,611.192,623.604,605.0,617.0,4514.96608627
2014-07-18,617.0,621.968,611.0,621.76,2710.55078917
2014-07-19,621.97,622.0,616.635,619.8,878.15318871
2014-07-20,619.488,619.8,612.0,616.0,1136.63790039
2014-07-21,613.54,616.399,611.5,614.99,1988.04035651
2014-07-22,614.99,616.399,611.3,613.53,1671.66839262
2014-07-23,613.53,616.0,609.0,610.86,2073.82092703
2014-07-24,610.86,613.414,578.315,593.032,7587.95190082
2014-07-25,593.032,604.634,585.0,596.68,3054.80285898
2014-07-26,594.474,596.671,583.99,590.0,2211.09653964
2014-07-27,590.001,594.999,582.101,586.486,1458.00869948
2014-07-28,586.486,587.94,562.0,577.629,5865.51888966
2014-07-29,579.685,583.4,572.159,577.828,2411.32053827
2014-07-30,577.828,579.883,555.0,564.826,4235.68889842
2014-07-31,562.004,584.999,555.101,577.684,4976.80397693
2014-08-01,577.0,598.5,575.001,590.376,4266.29555624
2014-08-02,590.0,591.968,575.103,581.891,2376.20424693
2014-08-03,581.891,585.0,572.0,579.553,1972.87078646
2014-08-04,579.553,588.88,576.0,580.036,2652.48370857
2014-08-05,580.034,583.879,574.76,577.843,2249.06559751
2014-08-06,579.724,584.37,572.186,579.163,2391.40153332
2014-08-07,579.421,589.0,578.0,584.227,3237.70997576
2014-08-08,584.456,595.0,583.159,587.6,2748.99449806
2014-08-09,587.505,589.989,580.0,585.165,1902.98146197
2014-08-10,585.093,589.696,580.0,586.4,1123.09955514
2014-08-11,,,,,
2014-08-12,,,,,
2014-08-13,547.03,551.999,523.0,538.302,7518.26097174
2014-08-14,538.752,539.723,491.0,506.781,11178.9807586
2014-08-15,508.001,517.423,480.0,494.462,7074.95092502
2014-08-16,493.601,519.0,480.0,514.898,5402.0695692
2014-08-17,515.0,516.991,480.0,487.0,5183.51338593
2014-08-18,487.103,497.8,309.0,438.242,5362.63531294
2014-08-19,472.355,487.287,459.0,479.859,4983.42000124
2014-08-20,478.064,518.77,455.409,506.721,9330.33807058
2014-08-21,506.724,530.0,502.0,508.325,7454.58724067
2014-08-22,508.774,523.0,491.111,510.0,4720.2002272
2014-08-23,510.001,510.626,482.0,492.985,3387.08046357
2014-08-24,492.743,511.681,487.306,505.014,2779.77897425
2014-08-25,505.013,506.871,492.846,498.219,2366.31841947
2014-08-26,498.22,514.741,498.219,510.0,2999.6296227
2014-08-27,509.999,518.0,505.0,508.024,3320.9876635
2014-08-28,506.625,512.22,497.85,502.652,2154.58564401
2014-08-29,502.61,507.513,495.6,503.503,1928.5916378
2014-08-30,503.65,505.555,496.0,497.154,1164.70334438
2014-08-31,497.209,499.999,472.11,475.9,43927.5567612
2014-09-01,475.9,488.105,469.47,472.659,2837.5964215
2014-09-02,472.659,481.999,464.953,473.975,3217.41979902
2014-09-03,472.003,475.996,469.01,469.787,2111.26380974
2014-09-04,470.006,494.839,461.136,488.531,5011.68842915
2014-09-05,487.1,487.888,475.6,477.888,2755.94617357
2014-09-06,477.888,483.0,475.265,482.171,1382.95901915
2014-09-07,479.23,485.0,475.112,478.399,1805.01694455
2014-09-08,478.219,479.099,460.0,472.0,5469.52284602
2014-09-09,471.408,473.0,459.0,466.896,4171.45330657
2014-09-10,467.429,484.0,465.063,473.47,3800.68304356
2014-09-11,473.47,478.929,467.0,472.789,2856.02745228
2014-09-12,472.5,473.0,464.53,469.5,2621.98380109
2014-09-13,469.5,477.0,465.74,472.98,2766.13721686
2014-09-14,472.98,473.398,465.0,469.68,1530.7043633
2014-09-15,469.68,470.0,464.553,465.37,3030.56949845
2014-09-16,465.37,467.55,452.252,456.887,3437.05954227
2014-09-17,455.94,460.0,434.07,444.971,6201.22320226
2014-09-18,444.971,448.0,390.32,415.299,12936.8807549
2014-09-19,415.1,423.0,370.0,382.583,11267.3161134
2014-09-20,382.573,414.294,376.786,400.998,10701.5154954
2014-09-21,398.457,402.27,373.396,385.124,5690.71458545
2014-09-22,384.1,400.0,380.03,386.957,4334.71184138
2014-09-23,386.942,449.77,380.292,425.311,15233.8695119
2014-09-24,425.219,429.682,406.8,410.554,6310.53576322
2014-09-25,409.6,411.607,395.123,404.0,4656.25202807
2014-09-26,401.907,412.169,388.0,395.0,5357.53637766
2014-09-27,393.988,398.372,386.723,391.0,2500.86670096
2014-09-28,391.377,396.0,364.6,369.996,5001.83252471
2014-09-29,371.486,388.828,360.745,368.814,7219.25407881
2014-09-30,368.816,389.0,364.04,380.3,6034.58397006
2014-10-01,380.292,385.0,372.0,374.699,4228.52755136
2014-10-02,374.699,378.75,360.745,367.0,4379.35819017
2014-10-03,367.0,369.91,338.208,342.576,9646.07833766
2014-10-04,342.577,352.999,308.1,316.632,13392.1329348
2014-10-05,316.632,336.627,285.01,315.888,23274.7169928
2014-10-06,317.0,343.34,299.44,325.0,20657.612328
2014-10-07,325.219,337.977,313.1,330.233,9975.56177291
2014-10-08,331.0,353.89,323.526,352.0,13383.9857823
2014-10-09,352.001,382.0,343.0,360.967,19168.2695269
2014-10-10,360.904,370.781,346.11,353.581,8254.58818311
2014-10-11,354.212,363.966,345.3,355.015,4326.80071069
2014-10-12,355.0,379.0,348.3,375.006,7204.62020438
2014-10-13,375.426,392.62,362.11,385.0,11674.3128845
2014-10-14,385.026,408.204,383.5,397.394,13513.7317324
2014-10-15,397.12,397.89,380.0,387.04,7265.01191819
2014-10-16,387.077,391.5,361.152,376.076,8480.36840633
2014-10-17,376.677,381.744,367.761,378.4,4834.33531296
2014-10-18,378.4,389.0,374.0,385.568,4779.05050343
2014-10-19,385.133,388.334,379.3,382.334,2857.36578365
2014-10-20,384.781,385.0,372.029,377.066,4391.14815882
2014-10-21,376.855,385.595,372.0,381.0,5637.0255858
2014-10-22,381.0,383.0,374.894,377.073,4450.81841611
2014-10-23,377.073,378.978,351.0,354.165,7572.12703029
2014-10-24,354.165,360.0,348.6,352.28,4914.05829833
2014-10-25,352.16,355.701,337.51,346.822,6815.61497513
2014-10-26,346.416,359.931,343.81,350.24,3281.76821541
2014-10-27,350.29,355.0,342.1,347.874,5367.80007551
2014-10-28,348.234,356.5,346.702,349.867,3845.33214238
2014-10-29,349.867,351.0,328.71,330.98,6280.7089278
2014-10-30,329.668,352.333,327.526,342.695,8529.40018485
2014-10-31,340.771,345.2,332.0,335.072,4025.66358812
2014-11-01,335.715,337.698,319.011,323.138,5302.97477459
2014-11-02,323.184,330.0,319.1,323.774,3664.99422779
2014-11-03,323.507,336.695,320.2,321.998,5719.38750558
2014-11-04,321.999,329.4,318.0,325.5,5941.90916639
2014-11-05,325.5,339.0,324.55,334.931,7105.53836158
2014-11-06,334.887,348.494,332.1,344.0,7066.41835984
2014-11-07,344.66,350.031,337.0,338.722,5796.09748327
2014-11-08,338.722,344.59,337.314,341.37,3114.59015352
2014-11-09,341.37,364.93,340.119,362.367,6999.82165277
2014-11-10,362.1,374.937,356.1,363.657,8334.16823249
2014-11-11,363.658,372.7,358.0,364.0,6240.41321276
2014-11-12,364.0,430.0,363.44,423.0,25761.7172535
2014-11-13,423.0,454.982,385.1,413.06,29140.3532816
2014-11-14,412.99,414.345,378.0,395.519,12897.9538179
2014-11-15,394.304,404.366,365.158,373.569,8566.38731024
2014-11-16,372.543,388.88,369.004,384.14,5956.61542992
2014-11-17,384.059,406.0,373.028,382.031,11934.6314778
2014-11-18,382.031,388.689,367.43,369.988,7813.42906524
2014-11-19,369.404,387.3,368.513,376.6,5591.0918732
2014-11-20,376.003,379.869,352.0,355.366,9040.62548843
2014-11-21,355.366,358.573,339.618,345.36,8676.8336522
2014-11-22,345.36,362.603,345.36,349.88,5332.44635202
2014-11-23,350.0,368.86,348.202,364.979,5922.77448531
2014-11-24,363.943,374.979,362.7,369.981,2999.80736306
2014-11-25,,,,,
2014-11-26,363.002,371.0,361.05,364.387,2462.97920146
2014-11-27,364.451,370.0,362.0,366.019,3586.59907515
2014-11-28,365.987,380.916,354.0,372.999,7333.22160153
2014-11-29,372.716,385.999,369.5,373.676,6023.89923385
2014-11-30,373.658,378.0,370.004,374.386,2555.43787834
2014-12-01,374.38,382.5,373.0,377.047,4486.3263946
2014-12-02,376.683,382.0,372.1,377.5,5134.14494299
2014-12-03,377.5,379.5,367.3,370.12,4922.16961394
2014-12-04,369.537,374.0,362.01,364.0,5030.30344043
2014-12-05,362.64,373.0,360.36,369.992,3976.52745829
2014-12-06,369.881,372.0,362.96,369.126,2827.80616844
2014-12-07,369.0,371.342,367.01,367.569,1932.56086997
2014-12-08,367.502,368.996,355.342,356.989,4630.17575522
2014-12-09,355.342,358.0,337.146,345.911,8413.30134382
2014-12-10,347.375,348.0,339.984,340.0,4375.77051859
2014-12-11,340.0,356.995,332.51,341.492,7896.97975667
2014-12-12,341.878,349.864,340.053,346.667,3402.26672207
2014-12-13,345.575,346.002,339.067,342.573,2310.60536147
2014-12-14,342.559,346.96,336.411,343.061,4851.83043866
2014-12-15,342.855,344.998,335.069,338.449,4494.20771179
2014-12-16,339.012,339.8,319.501,320.41,7804.99466338
2014-12-17,320.96,329.0,312.81,319.0,8174.12320368
2014-12-18,319.111,324.0,304.0,311.311,10207.2991575
2014-12-19,311.311,317.5,304.002,314.99,5644.13639694
2014-12-20,314.99,330.003,309.0,328.0,6964.18584255
2014-12-21,327.783,328.969,314.001,317.001,5852.13016318
2014-12-22,317.001,332.33,316.0,328.7,6759.67832966
2014-12-23,328.999,334.56,326.0,330.0,5143.48736602
2014-12-24,330.0,330.999,317.01,319.01,4805.97127932
2014-12-25,318.043,320.999,315.38,316.521,2543.61915357
2014-12-26,317.9,329.0,314.7,324.96,4032.19329042
2014-12-27,324.96,326.499,307.579,312.239,4267.44514071
2014-12-28,311.63,317.0,307.0,313.774,3004.55306946
2014-12-29,313.713,317.0,309.995,311.339,3708.30334895
2014-12-30,311.339,313.99,307.358,308.5,3442.83312342
2014-12-31,308.857,310.121,307.44,309.301,2527.85135653
2015-01-01,313.4,314.339,310.971,312.443,1064.65640235
2015-01-02,312.026,315.4,311.0,312.87,1938.04224386
2015-01-03,312.245,313.81,276.11,276.11,13616.1754759
2015-01-04,277.027,290.0,260.0,265.767,20223.1727141
2015-01-05,265.211,279.589,264.203,271.861,11197.0834226
2015-01-06,271.862,286.28,270.0,284.1,7988.78893588
2015-01-07,284.301,302.0,281.16,293.55,10702.2139246
2015-01-08,293.524,293.998,282.059,282.101,7594.04063668
2015-01-09,283.0,292.122,277.106,285.983,8610.37153144
2015-01-10,285.983,287.183,267.301,272.543,6429.5545488
2015-01-11,272.543,278.466,260.101,263.849,7641.67538888
2015-01-12,262.505,269.999,257.2,264.292,10178.5223099
2015-01-13,263.933,265.002,211.99,220.682,34822.2367265
2015-01-14,220.682,221.761,162.68,170.0,56994.3475163
2015-01-15,170.0,227.76,167.945,207.323,48027.5467295
2015-01-16,207.383,220.0,196.0,204.98,21647.3779546
2015-01-17,205.622,212.0,193.933,197.36,10970.474846
2015-01-18,197.35,217.704,192.0,206.316,19490.5919562
2015-01-19,206.187,215.8,204.0,210.861,10687.5436268
2015-01-20,210.86,211.5,203.326,208.528,10449.6012639
2015-01-21,208.498,225.111,207.874,223.566,17230.4721912
2015-01-22,223.23,234.792,222.153,229.499,15909.5833235
2015-01-23,228.826,230.994,221.01,228.647,10614.7982853
2015-01-24,228.603,247.23,225.6,244.434,14537.0863894
2015-01-25,243.835,253.987,239.013,250.0,12992.684634
2015-01-26,250.0,304.11,241.393,263.651,45799.6926671
2015-01-27,262.62,266.132,241.0,252.593,17572.6220089
2015-01-28,252.467,255.376,212.007,222.49,22221.93855
2015-01-29,222.292,234.0,213.014,226.61,15533.116206
2015-01-30,226.801,235.0,215.9,218.97,11890.065735
2015-01-31,218.97,227.28,212.699,213.99,9438.08419091
2015-02-01,214.597,227.299,208.0,221.956,11594.2743509
2015-02-02,221.997,238.99,218.013,233.341,13237.2933299
2015-02-03,233.341,241.672,220.603,223.52,17684.6120647
2015-02-04,222.768,228.0,217.802,224.4,9036.32332749
2015-02-05,224.053,225.0,211.34,215.601,8987.90832631
2015-02-06,214.757,223.0,213.16,218.799,9051.62174325
2015-02-07,218.798,225.998,217.703,223.96,9225.73367589
2015-02-08,223.395,227.0,218.0,221.582,6060.78987426
2015-02-09,221.589,222.501,212.666,219.0,10167.9773632
2015-02-10,219.0,221.0,213.0,218.0,9493.78822517
2015-02-11,218.0,221.0,214.753,216.8,8621.86893117
2015-02-12,216.77,219.0,214.39,218.127,5774.9725454
2015-02-13,218.256,235.987,216.613,232.653,20103.7169969
2015-02-14,232.653,260.0,231.425,256.64,19624.9948287
2015-02-15,256.64,265.011,220.0,231.537,24635.3514376
2015-02-16,232.0,237.997,224.266,231.48,12023.2283685
2015-02-17,230.306,243.791,229.865,239.971,9384.59839548
2015-02-18,239.015,243.0,228.01,233.213,8983.21312664
2015-02-19,233.244,239.0,231.06,235.3,8005.70868395
2015-02-20,235.3,241.493,231.12,237.893,12402.6178043
2015-02-21,238.007,239.024,235.753,237.2,4971.8975251
2015-02-22,237.2,239.0,224.721,230.229,6829.28897755
2015-02-23,230.229,234.0,225.0,232.866,6293.8537528
2015-02-24,232.979,233.988,227.776,232.1,7723.51552253
2015-02-25,232.1,233.0,228.782,231.09,5644.83848115
2015-02-26,231.09,232.198,228.0,230.699,5943.24978659
2015-02-27,230.541,254.293,230.54,246.303,18577.1785026
2015-02-28,246.79,249.679,243.68,248.0,4990.92879994
2015-03-01,248.0,255.913,238.0,252.911,8500.08463977
2015-03-02,252.682,269.98,247.0,268.552,13306.7913534
2015-03-03,268.48,285.0,262.001,277.263,16849.1075901
2015-03-04,277.306,280.448,261.0,268.651,13276.5596965
2015-03-05,268.001,276.034,259.0,272.028,10609.4883265
2015-03-06,271.48,276.0,266.01,269.879,7059.56972755
2015-03-07,269.879,275.024,267.021,273.875,4351.08577659
2015-03-08,273.9,276.537,270.0,272.1,4319.66735259
2015-03-09,271.624,294.507,270.716,285.999,14532.0250253
2015-03-10,285.999,299.0,285.0,287.755,14643.4176474
2015-03-11,287.5,295.445,285.013,294.274,10803.0055833
2015-03-12,294.116,296.0,290.0,290.998,6313.23738832
2015-03-13,291.0,291.714,282.667,282.678,8892.39185936
2015-03-14,282.678,283.457,272.25,276.866,10530.379946
2015-03-15,276.657,282.2,274.15,281.2,4732.50850066
2015-03-16,281.112,291.0,280.368,287.527,8417.05216425
2015-03-17,287.527,289.322,279.774,282.0,6151.80358047
2015-03-18,281.333,282.589,244.0,251.5,20321.5331346
2015-03-19,251.529,260.0,243.0,256.154,11566.1049532
2015-03-20,256.4,261.0,254.0,257.001,6811.48701641
2015-03-21,257.0,266.0,251.987,257.688,6732.72010536
2015-03-22,257.682,270.0,257.433,266.361,6955.18980398
2015-03-23,266.424,269.9,256.6,263.36,6952.80944725
2015-03-24,263.339,265.269,243.293,246.189,13060.9548265
2015-03-25,245.633,249.785,235.42,246.679,12677.781466
2015-03-26,246.284,252.94,241.0,244.998,10644.0586432
2015-03-27,245.0,248.213,242.942,244.933,6051.09888925
2015-03-28,244.933,252.469,244.252,249.75,7033.05104803
2015-03-29,250.0,251.0,236.0,240.012,8415.12360385
2015-03-30,240.012,247.5,234.083,245.067,10398.2013611
2015-03-31,245.067,247.982,238.0,241.06,10017.1120234
2015-04-01,241.11,244.974,236.914,243.184,7714.43202345
2015-04-02,243.188,253.3,238.972,249.0,10421.5025047
2015-04-03,248.99,253.0,248.0,250.75,7542.28563058
2015-04-04,250.749,252.003,246.61,250.126,4275.13659911
2015-04-05,250.126,257.476,247.0,256.578,5500.57165102
2015-04-06,257.015,258.841,248.0,250.0,8483.10999881
2015-04-07,250.0,251.55,243.5,249.1,9550.70228472
2015-04-08,249.1,250.51,241.0,243.131,7462.55313295
2015-04-09,243.132,244.429,235.616,241.674,8579.00729459
2015-04-10,241.675,242.2,228.904,232.5,8354.62830794
2015-04-11,232.571,235.49,228.1,234.07,5237.78542447
2015-04-12,234.1,234.999,227.055,232.969,5133.34822554
2015-04-13,232.541,234.41,219.287,220.684,10031.7741441
2015-04-14,220.36,222.9,214.0,217.001,11570.5153318
2015-04-15,217.001,223.479,216.07,222.85,9126.60967816
2015-04-16,222.68,228.31,222.366,227.0,8759.31934062
2015-04-17,226.189,227.273,219.432,221.95,6660.96985651
2015-04-18,221.195,222.981,218.058,220.639,4849.69983843
2015-04-19,221.219,225.0,219.462,220.496,4453.95076174
2015-04-20,220.426,224.842,219.52,223.02,6055.2895835
2015-04-21,222.847,233.0,220.0,232.05,10945.731808
2015-04-22,231.909,236.741,230.018,232.488,10665.390598
2015-04-23,231.416,234.167,230.123,233.0,5834.09198674
2015-04-24,233.0,233.89,226.872,228.809,6847.69747096
2015-04-25,228.563,230.035,224.0,224.215,5665.73209167
2015-04-26,224.215,225.15,210.86,217.0,9518.13132414
2015-04-27,217.0,269.254,215.364,231.33,35714.6005948
2015-04-28,231.534,234.52,224.0,228.641,10960.4266765
2015-04-29,228.642,230.052,225.04,227.6,7129.77030244
2015-04-30,227.471,244.0,226.222,237.719,13535.3637994
2015-05-01,237.468,240.9,232.6,232.718,6928.95510571
2015-05-02,232.724,236.765,232.6,235.549,4418.71732274
2015-05-03,235.593,243.989,234.33,241.0,6642.9063767
2015-05-04,241.0,243.417,237.15,238.492,6425.85533291
2015-05-05,238.398,238.998,232.722,238.0,5898.90422577
2015-05-06,237.99,239.0,230.1,232.578,8215.9143715
2015-05-07,231.678,239.9,230.5,236.945,9242.63980706
2015-05-08,236.945,245.0,235.991,242.786,9264.04454869
2015-05-09,242.75,247.999,238.86,241.461,6259.55531195
2015-05-10,241.461,245.196,238.75,240.391,5369.60198259
2015-05-11,240.458,243.844,239.7,242.029,6052.23452555
2015-05-12,241.998,243.75,238.79,240.255,7151.55551679
2015-05-13,240.333,243.7,235.131,237.024,9195.68994975
2015-05-14,237.112,239.077,233.354,236.516,7430.81435438
2015-05-15,236.516,239.34,236.15,237.66,4941.03355114
